{
  "title": "Why visit Morocco",
  "date": "2023-10-24T00:00:00.000Z",
  "image": "/blog-image.jpg",
  "tags": [
    "Travel",
    "Morocco"
  ],
  "body": {
    "raw": "\n![hero](/blog-image.jpg)\n_\"Morocco, where the sands whisper tales of ancient civilizations, the cities echo with the rhythm of vibrant markets, and every sunset paints the desert sky with a canvas of dreams.\"_\n\n# Discover the Magic of Morocco: A Journey to Remember\n\nAre you seeking an exotic destination that seamlessly blends rich history, vibrant culture, and breathtaking landscapes? Look no further than **Morocco**! This North African gem has captivated the hearts of travelers for centuries, offering a unique and enchanting experience for those willing to embark on a journey off the beaten path. Here are compelling reasons why Morocco should be at the top of your travel bucket list.\n\n## 1. Timeless Beauty of Marrakech\n\nMorocco's cultural heartbeat, **Marrakech**, is a city that effortlessly fuses tradition with modernity. Wander through the historic medina, where bustling souks (markets) beckon with a kaleidoscope of colors and aromatic spices. The iconic **Jardin Majorelle**, with its cobalt blue walls and exotic plant life, provides a tranquil escape from the vibrant chaos of the city.\n\n## 2. Sahara Desert: A Surreal Adventure\n\nVenture into the mesmerizing **Sahara Desert** for an experience that transcends imagination. Embark on a camel trek over rolling sand dunes, witness the awe-inspiring sunset over the vast desert landscape, and spend a night under the stars in a traditional **Berber camp**. The Sahara offers a profound connection with nature and a chance to marvel at the sheer vastness of the desert.\n\n## 3. Imperial Cities: A Glimpse into Morocco's Past\n\nMorocco boasts four imperial cities – **Fes, Marrakech, Meknes, and Rabat** – each with its own unique charm and historical significance. Explore the narrow, labyrinthine streets of Fes, wander through the ancient ruins of **Volubilis** near Meknes, and visit the imposing **Hassan Tower** in Rabat. These cities provide a captivating journey through Morocco's rich history and architectural wonders.\n\n## 4. Diverse Landscapes: From Mountains to Coast\n\nMorocco's geographical diversity is astounding. Traverse the dramatic peaks of the **Atlas Mountains**, where traditional Berber villages cling to rugged slopes. For a change of scenery, head to the coastal town of **Essaouira**, known for its windswept beaches, historic medina, and vibrant arts scene. The variety of landscapes ensures that every traveler finds their own slice of paradise.\n\n## 5. Culinary Delights: A Feast for the Senses\n\nMoroccan cuisine is a tantalizing fusion of flavors, combining savory and sweet elements in dishes like **tagine** and **couscous**. Indulge in the aromatic spices, fresh herbs, and succulent meats that characterize the local fare. Don't forget to sip on mint tea in a traditional **riad**, immersing yourself in the sensory pleasures of Moroccan dining.\n\n## 6. Warm Hospitality of the Locals\n\nMorocco is renowned for its warm and welcoming hospitality. Whether you're navigating the chaotic streets of the medina or sharing a meal with locals, you'll find the people of Morocco to be friendly and eager to share their culture. Engage in conversations, learn traditional customs, and forge connections that will leave a lasting impact on your travel memories.\n\n## 7. Festivals and Celebrations: Embrace the Vibrancy\n\nMorocco comes alive with vibrant festivals throughout the year. The **Fes Festival of World Sacred Music**, the **Rose Festival** in Kelaa Mgouna, and the lively atmosphere of the **Imilchil Marriage Festival** are just a few examples of the cultural celebrations that offer a unique glimpse into Morocco's traditions and joyous spirit.\n\nIn conclusion, **Morocco** beckons with its enchanting blend of history, culture, and natural beauty. Whether you're strolling through ancient medinas, traversing desert landscapes, or savoring the flavors of Moroccan cuisine, every moment in this captivating country is a step into a world unlike any other. So, pack your bags and embark on a journey to Morocco – where the magic of the Maghreb awaits!\n",
    "code": "var Component=(()=>{var d=Object.create;var o=Object.defineProperty;var g=Object.getOwnPropertyDescriptor;var u=Object.getOwnPropertyNames;var m=Object.getPrototypeOf,f=Object.prototype.hasOwnProperty;var p=(t,e)=>()=>(e||t((e={exports:{}}).exports,e),e.exports),v=(t,e)=>{for(var r in e)o(t,r,{get:e[r],enumerable:!0})},s=(t,e,r,i)=>{if(e&&typeof e==\"object\"||typeof e==\"function\")for(let a of u(e))!f.call(t,a)&&a!==r&&o(t,a,{get:()=>e[a],enumerable:!(i=g(e,a))||i.enumerable});return t};var y=(t,e,r)=>(r=t!=null?d(m(t)):{},s(e||!t||!t.__esModule?o(r,\"default\",{value:t,enumerable:!0}):r,t)),b=t=>s(o({},\"__esModule\",{value:!0}),t);var h=p((F,c)=>{c.exports=_jsx_runtime});var j={};v(j,{default:()=>k,frontmatter:()=>w});var n=y(h()),w={title:\"Why visit Morocco\",date:new Date(16981056e5),image:\"/blog-image.jpg\",tags:[\"Travel\",\"Morocco\"]};function l(t){let e=Object.assign({p:\"p\",img:\"img\",em:\"em\",h1:\"h1\",strong:\"strong\",h2:\"h2\"},t.components);return(0,n.jsxs)(n.Fragment,{children:[(0,n.jsxs)(e.p,{children:[(0,n.jsx)(e.img,{src:\"/blog-image.jpg\",alt:\"hero\"}),`\n`,(0,n.jsx)(e.em,{children:'\"Morocco, where the sands whisper tales of ancient civilizations, the cities echo with the rhythm of vibrant markets, and every sunset paints the desert sky with a canvas of dreams.\"'})]}),`\n`,(0,n.jsx)(e.h1,{children:\"Discover the Magic of Morocco: A Journey to Remember\"}),`\n`,(0,n.jsxs)(e.p,{children:[\"Are you seeking an exotic destination that seamlessly blends rich history, vibrant culture, and breathtaking landscapes? Look no further than \",(0,n.jsx)(e.strong,{children:\"Morocco\"}),\"! This North African gem has captivated the hearts of travelers for centuries, offering a unique and enchanting experience for those willing to embark on a journey off the beaten path. Here are compelling reasons why Morocco should be at the top of your travel bucket list.\"]}),`\n`,(0,n.jsx)(e.h2,{children:\"1. Timeless Beauty of Marrakech\"}),`\n`,(0,n.jsxs)(e.p,{children:[\"Morocco's cultural heartbeat, \",(0,n.jsx)(e.strong,{children:\"Marrakech\"}),\", is a city that effortlessly fuses tradition with modernity. Wander through the historic medina, where bustling souks (markets) beckon with a kaleidoscope of colors and aromatic spices. The iconic \",(0,n.jsx)(e.strong,{children:\"Jardin Majorelle\"}),\", with its cobalt blue walls and exotic plant life, provides a tranquil escape from the vibrant chaos of the city.\"]}),`\n`,(0,n.jsx)(e.h2,{children:\"2. Sahara Desert: A Surreal Adventure\"}),`\n`,(0,n.jsxs)(e.p,{children:[\"Venture into the mesmerizing \",(0,n.jsx)(e.strong,{children:\"Sahara Desert\"}),\" for an experience that transcends imagination. Embark on a camel trek over rolling sand dunes, witness the awe-inspiring sunset over the vast desert landscape, and spend a night under the stars in a traditional \",(0,n.jsx)(e.strong,{children:\"Berber camp\"}),\". The Sahara offers a profound connection with nature and a chance to marvel at the sheer vastness of the desert.\"]}),`\n`,(0,n.jsx)(e.h2,{children:\"3. Imperial Cities: A Glimpse into Morocco's Past\"}),`\n`,(0,n.jsxs)(e.p,{children:[\"Morocco boasts four imperial cities \\u2013 \",(0,n.jsx)(e.strong,{children:\"Fes, Marrakech, Meknes, and Rabat\"}),\" \\u2013 each with its own unique charm and historical significance. Explore the narrow, labyrinthine streets of Fes, wander through the ancient ruins of \",(0,n.jsx)(e.strong,{children:\"Volubilis\"}),\" near Meknes, and visit the imposing \",(0,n.jsx)(e.strong,{children:\"Hassan Tower\"}),\" in Rabat. These cities provide a captivating journey through Morocco's rich history and architectural wonders.\"]}),`\n`,(0,n.jsx)(e.h2,{children:\"4. Diverse Landscapes: From Mountains to Coast\"}),`\n`,(0,n.jsxs)(e.p,{children:[\"Morocco's geographical diversity is astounding. Traverse the dramatic peaks of the \",(0,n.jsx)(e.strong,{children:\"Atlas Mountains\"}),\", where traditional Berber villages cling to rugged slopes. For a change of scenery, head to the coastal town of \",(0,n.jsx)(e.strong,{children:\"Essaouira\"}),\", known for its windswept beaches, historic medina, and vibrant arts scene. The variety of landscapes ensures that every traveler finds their own slice of paradise.\"]}),`\n`,(0,n.jsx)(e.h2,{children:\"5. Culinary Delights: A Feast for the Senses\"}),`\n`,(0,n.jsxs)(e.p,{children:[\"Moroccan cuisine is a tantalizing fusion of flavors, combining savory and sweet elements in dishes like \",(0,n.jsx)(e.strong,{children:\"tagine\"}),\" and \",(0,n.jsx)(e.strong,{children:\"couscous\"}),\". Indulge in the aromatic spices, fresh herbs, and succulent meats that characterize the local fare. Don't forget to sip on mint tea in a traditional \",(0,n.jsx)(e.strong,{children:\"riad\"}),\", immersing yourself in the sensory pleasures of Moroccan dining.\"]}),`\n`,(0,n.jsx)(e.h2,{children:\"6. Warm Hospitality of the Locals\"}),`\n`,(0,n.jsx)(e.p,{children:\"Morocco is renowned for its warm and welcoming hospitality. Whether you're navigating the chaotic streets of the medina or sharing a meal with locals, you'll find the people of Morocco to be friendly and eager to share their culture. Engage in conversations, learn traditional customs, and forge connections that will leave a lasting impact on your travel memories.\"}),`\n`,(0,n.jsx)(e.h2,{children:\"7. Festivals and Celebrations: Embrace the Vibrancy\"}),`\n`,(0,n.jsxs)(e.p,{children:[\"Morocco comes alive with vibrant festivals throughout the year. The \",(0,n.jsx)(e.strong,{children:\"Fes Festival of World Sacred Music\"}),\", the \",(0,n.jsx)(e.strong,{children:\"Rose Festival\"}),\" in Kelaa Mgouna, and the lively atmosphere of the \",(0,n.jsx)(e.strong,{children:\"Imilchil Marriage Festival\"}),\" are just a few examples of the cultural celebrations that offer a unique glimpse into Morocco's traditions and joyous spirit.\"]}),`\n`,(0,n.jsxs)(e.p,{children:[\"In conclusion, \",(0,n.jsx)(e.strong,{children:\"Morocco\"}),\" beckons with its enchanting blend of history, culture, and natural beauty. Whether you're strolling through ancient medinas, traversing desert landscapes, or savoring the flavors of Moroccan cuisine, every moment in this captivating country is a step into a world unlike any other. So, pack your bags and embark on a journey to Morocco \\u2013 where the magic of the Maghreb awaits!\"]})]})}function M(t={}){let{wrapper:e}=t.components||{};return e?(0,n.jsx)(e,Object.assign({},t,{children:(0,n.jsx)(l,t)})):l(t)}var k=M;return b(j);})();\n;return Component;"
  },
  "_id": "demo-blog2.mdx",
  "_raw": {
    "sourceFilePath": "demo-blog2.mdx",
    "sourceFileName": "demo-blog2.mdx",
    "sourceFileDir": ".",
    "contentType": "mdx",
    "flattenedPath": "demo-blog2"
  },
  "type": "Post",
  "url": "/blog/demo-blog2"
}