{
  "title": "Discovering the Majesty of Morocco's Desert",
  "date": "2023-11-24T00:00:00.000Z",
  "image": "/desert.jpg",
  "tags": [
    "Travel",
    "Morocco",
    "Desert",
    "Adventure"
  ],
  "body": {
    "raw": "\n![hero](/desert.jpg)\n\n# Discovering the Majesty of Morocco's Desert\n\n## Introduction\n\nMorocco's desert, with its vast and captivating landscapes, stands as a testament to the country's natural beauty and cultural richness. From the towering sand dunes to the nomadic communities that call the desert home, a journey into Morocco's arid expanses promises an unforgettable adventure. In this blog post, we embark on a virtual exploration of the mesmerizing desert landscapes and the unique experiences they offer.\n\n## Erg Chebbi: The Dunes of Merzouga\n\n### Sunset and Sunrise\n\nErg Chebbi, near the town of Merzouga, is home to some of the most iconic sand dunes in Morocco. As the sun sets, the dunes come alive with a warm, golden glow, creating a magical spectacle. Rise early to witness the breathtaking sunrise, as the first light of day paints the dunes in hues of pink and orange.\n\n### Camel Treks\n\nA camel trek into the heart of the dunes is an essential desert experience. Traverse the undulating landscapes on the back of these gentle creatures, led by knowledgeable guides who share stories of desert life and traditions. The rhythmic sway of the camels and the silence of the desert create a meditative and awe-inspiring journey.\n\n## Desert Oasis: Todra and Dades Valleys\n\n### Todra Gorge\n\nVenture beyond the sand dunes to explore the dramatic Todra Gorge, where towering canyon walls frame a crystal-clear river. Hike through the gorge, marveling at the play of light and shadow on the rock formations. The cool shade and the sound of running water provide a stark contrast to the desert's arid expanse.\n\n### Dades Valley\n\nKnown as the \"Valley of a Thousand Kasbahs,\" Dades Valley is a picturesque stretch of date palms, fertile oases, and ancient fortified villages. Take a leisurely drive through this valley, stopping to explore traditional mud-brick kasbahs and appreciate the serene beauty of the desert oasis.\n\n## Nomadic Culture and Stargazing\n\n### Nomadic Camps\n\nEncounter the nomadic Berber communities that have called the desert home for generations. Visit their camps, learn about their traditional way of life, and share in the warmth of Berber hospitality. Gain insights into their sustainable practices and deep connection with the desert environment.\n\n### Stargazing\n\nAs night falls over the desert, marvel at the celestial display overhead. The absence of city lights allows for a breathtaking view of the stars. Consider a night in a desert camp, where you can experience the tranquility of the desert night and witness the Milky Way in all its glory.\n\n## Conclusion\n\nMorocco's desert is a land of contrasts and wonders, where the stark beauty of the arid landscapes meets the warmth of Berber hospitality. From the majestic dunes of Erg Chebbi to the lush oases of Todra and Dades Valleys, the desert offers a tapestry of experiences that will leave an indelible mark on any traveler. Immerse yourself in the magic of Morocco's desert, where nature's grandeur and cultural richness converge in a captivating dance beneath the vast desert sky.\n",
    "code": "var Component=(()=>{var c=Object.create;var s=Object.defineProperty;var u=Object.getOwnPropertyDescriptor;var g=Object.getOwnPropertyNames;var m=Object.getPrototypeOf,p=Object.prototype.hasOwnProperty;var f=(a,e)=>()=>(e||a((e={exports:{}}).exports,e),e.exports),y=(a,e)=>{for(var n in e)s(a,n,{get:e[n],enumerable:!0})},o=(a,e,n,i)=>{if(e&&typeof e==\"object\"||typeof e==\"function\")for(let r of g(e))!p.call(a,r)&&r!==n&&s(a,r,{get:()=>e[r],enumerable:!(i=u(e,r))||i.enumerable});return a};var w=(a,e,n)=>(n=a!=null?c(m(a)):{},o(e||!a||!a.__esModule?s(n,\"default\",{value:a,enumerable:!0}):n,a)),b=a=>o(s({},\"__esModule\",{value:!0}),a);var d=f((D,h)=>{h.exports=_jsx_runtime});var M={};y(M,{default:()=>x,frontmatter:()=>v});var t=w(d()),v={title:\"Discovering the Majesty of Morocco's Desert\",date:new Date(1700784e6),image:\"/desert.jpg\",tags:[\"Travel\",\"Morocco\",\"Desert\",\"Adventure\"]};function l(a){let e=Object.assign({p:\"p\",img:\"img\",h1:\"h1\",h2:\"h2\",h3:\"h3\"},a.components);return(0,t.jsxs)(t.Fragment,{children:[(0,t.jsx)(e.p,{children:(0,t.jsx)(e.img,{src:\"/desert.jpg\",alt:\"hero\"})}),`\n`,(0,t.jsx)(e.h1,{children:\"Discovering the Majesty of Morocco's Desert\"}),`\n`,(0,t.jsx)(e.h2,{children:\"Introduction\"}),`\n`,(0,t.jsx)(e.p,{children:\"Morocco's desert, with its vast and captivating landscapes, stands as a testament to the country's natural beauty and cultural richness. From the towering sand dunes to the nomadic communities that call the desert home, a journey into Morocco's arid expanses promises an unforgettable adventure. In this blog post, we embark on a virtual exploration of the mesmerizing desert landscapes and the unique experiences they offer.\"}),`\n`,(0,t.jsx)(e.h2,{children:\"Erg Chebbi: The Dunes of Merzouga\"}),`\n`,(0,t.jsx)(e.h3,{children:\"Sunset and Sunrise\"}),`\n`,(0,t.jsx)(e.p,{children:\"Erg Chebbi, near the town of Merzouga, is home to some of the most iconic sand dunes in Morocco. As the sun sets, the dunes come alive with a warm, golden glow, creating a magical spectacle. Rise early to witness the breathtaking sunrise, as the first light of day paints the dunes in hues of pink and orange.\"}),`\n`,(0,t.jsx)(e.h3,{children:\"Camel Treks\"}),`\n`,(0,t.jsx)(e.p,{children:\"A camel trek into the heart of the dunes is an essential desert experience. Traverse the undulating landscapes on the back of these gentle creatures, led by knowledgeable guides who share stories of desert life and traditions. The rhythmic sway of the camels and the silence of the desert create a meditative and awe-inspiring journey.\"}),`\n`,(0,t.jsx)(e.h2,{children:\"Desert Oasis: Todra and Dades Valleys\"}),`\n`,(0,t.jsx)(e.h3,{children:\"Todra Gorge\"}),`\n`,(0,t.jsx)(e.p,{children:\"Venture beyond the sand dunes to explore the dramatic Todra Gorge, where towering canyon walls frame a crystal-clear river. Hike through the gorge, marveling at the play of light and shadow on the rock formations. The cool shade and the sound of running water provide a stark contrast to the desert's arid expanse.\"}),`\n`,(0,t.jsx)(e.h3,{children:\"Dades Valley\"}),`\n`,(0,t.jsx)(e.p,{children:'Known as the \"Valley of a Thousand Kasbahs,\" Dades Valley is a picturesque stretch of date palms, fertile oases, and ancient fortified villages. Take a leisurely drive through this valley, stopping to explore traditional mud-brick kasbahs and appreciate the serene beauty of the desert oasis.'}),`\n`,(0,t.jsx)(e.h2,{children:\"Nomadic Culture and Stargazing\"}),`\n`,(0,t.jsx)(e.h3,{children:\"Nomadic Camps\"}),`\n`,(0,t.jsx)(e.p,{children:\"Encounter the nomadic Berber communities that have called the desert home for generations. Visit their camps, learn about their traditional way of life, and share in the warmth of Berber hospitality. Gain insights into their sustainable practices and deep connection with the desert environment.\"}),`\n`,(0,t.jsx)(e.h3,{children:\"Stargazing\"}),`\n`,(0,t.jsx)(e.p,{children:\"As night falls over the desert, marvel at the celestial display overhead. The absence of city lights allows for a breathtaking view of the stars. Consider a night in a desert camp, where you can experience the tranquility of the desert night and witness the Milky Way in all its glory.\"}),`\n`,(0,t.jsx)(e.h2,{children:\"Conclusion\"}),`\n`,(0,t.jsx)(e.p,{children:\"Morocco's desert is a land of contrasts and wonders, where the stark beauty of the arid landscapes meets the warmth of Berber hospitality. From the majestic dunes of Erg Chebbi to the lush oases of Todra and Dades Valleys, the desert offers a tapestry of experiences that will leave an indelible mark on any traveler. Immerse yourself in the magic of Morocco's desert, where nature's grandeur and cultural richness converge in a captivating dance beneath the vast desert sky.\"})]})}function k(a={}){let{wrapper:e}=a.components||{};return e?(0,t.jsx)(e,Object.assign({},a,{children:(0,t.jsx)(l,a)})):l(a)}var x=k;return b(M);})();\n;return Component;"
  },
  "_id": "demo-blog4.mdx",
  "_raw": {
    "sourceFilePath": "demo-blog4.mdx",
    "sourceFileName": "demo-blog4.mdx",
    "sourceFileDir": ".",
    "contentType": "mdx",
    "flattenedPath": "demo-blog4"
  },
  "type": "Post",
  "url": "/blog/demo-blog4"
}