{
  "title": "Exploring the Magic of Marrakech",
  "date": "2023-11-24T00:00:00.000Z",
  "image": "/marrakech.jpg",
  "tags": [
    "Travel",
    "Morocco",
    "Marrakech"
  ],
  "body": {
    "raw": "\n![hero](/marrakech.jpg)\n\n# Exploring the Magic of Marrakech\n\n## Introduction\n\nMarrakech, the vibrant and enchanting city in Morocco, is a destination that captivates visitors with its rich history, colorful markets, and lively atmosphere. From the bustling souks to the majestic palaces, Marrakech offers a sensory overload that will leave you spellbound. In this blog post, we'll take a virtual journey through the heart of Marrakech, exploring its iconic landmarks, cultural treasures, and the unique experiences that make it a must-visit destination.\n\n## The Medina: A Maze of Wonders\n\n### Jemaa el-Fnaa\n\nAt the heart of Marrakech lies Jemaa el-Fnaa, the bustling main square that comes alive with energy as the day unfolds. By day, it's a marketplace where you can find everything from spices and textiles to traditional crafts. However, the real magic happens as the sun sets. The square transforms into a lively spectacle of entertainers, storytellers, and food stalls, creating an atmosphere like no other.\n\n### Souks\n\nNavigate the labyrinthine alleyways of the Medina to discover the souks, where a myriad of stalls offers a kaleidoscope of colors and aromas. From intricately woven carpets to handcrafted leather goods, the souks are a treasure trove for those seeking unique souvenirs. Don't forget to hone your bargaining skills, as negotiating prices is a customary part of the shopping experience.\n\n## Architectural Marvels\n\n### Koutoubia Mosque\n\nDominating the skyline of Marrakech is the Koutoubia Mosque, an architectural masterpiece and the largest mosque in the city. Its distinctive minaret, adorned with intricate geometric patterns, is a symbol of Marrakech. While non-Muslims are not allowed inside, the exterior and surrounding gardens offer a tranquil space to appreciate the beauty of Islamic architecture.\n\n### Bahia Palace\n\nStep into the opulent world of Bahia Palace, a stunning 19th-century palace that showcases the grandeur of Moroccan design. With its lush gardens, ornate courtyards, and beautifully decorated rooms, Bahia Palace provides a glimpse into the lives of the city's historic elite.\n\n## Culinary Delights\n\n### Moroccan Cuisine\n\nNo visit to Marrakech is complete without indulging in its exquisite cuisine. From the aromatic tagines to the flavorful couscous, Moroccan dishes are a treat for the senses. Head to a local eatery or venture into the night markets to savor the diverse flavors and spices that define Moroccan cooking.\n\n## Riads: Tranquil Retreats\n\nEscape the hustle and bustle of the Medina by staying in a traditional riad. These charming guesthouses, often tucked away in quiet corners, offer a peaceful oasis amidst the lively city. With their courtyard gardens and authentic Moroccan decor, riads provide a unique and intimate accommodation experience.\n\n## Conclusion\n\nMarrakech, with its blend of history, culture, and vibrant energy, is a destination that leaves a lasting impression on all who visit. Whether you're navigating the labyrinthine souks, marveling at architectural wonders, or savoring the flavors of Moroccan cuisine, Marrakech promises a sensory journey like no other. Immerse yourself in the magic of this captivating city, where tradition meets modernity in a harmonious dance that will stay with you long after you've bid farewell to the Red City.\n",
    "code": "var Component=(()=>{var d=Object.create;var n=Object.defineProperty;var u=Object.getOwnPropertyDescriptor;var g=Object.getOwnPropertyNames;var m=Object.getPrototypeOf,p=Object.prototype.hasOwnProperty;var f=(t,e)=>()=>(e||t((e={exports:{}}).exports,e),e.exports),y=(t,e)=>{for(var i in e)n(t,i,{get:e[i],enumerable:!0})},s=(t,e,i,o)=>{if(e&&typeof e==\"object\"||typeof e==\"function\")for(let r of g(e))!p.call(t,r)&&r!==i&&n(t,r,{get:()=>e[r],enumerable:!(o=u(e,r))||o.enumerable});return t};var v=(t,e,i)=>(i=t!=null?d(m(t)):{},s(e||!t||!t.__esModule?n(i,\"default\",{value:t,enumerable:!0}):i,t)),k=t=>s(n({},\"__esModule\",{value:!0}),t);var c=f((q,h)=>{h.exports=_jsx_runtime});var x={};y(x,{default:()=>b,frontmatter:()=>M});var a=v(c()),M={title:\"Exploring the Magic of Marrakech\",date:new Date(1700784e6),image:\"/marrakech.jpg\",tags:[\"Travel\",\"Morocco\",\"Marrakech\"]};function l(t){let e=Object.assign({p:\"p\",img:\"img\",h1:\"h1\",h2:\"h2\",h3:\"h3\"},t.components);return(0,a.jsxs)(a.Fragment,{children:[(0,a.jsx)(e.p,{children:(0,a.jsx)(e.img,{src:\"/marrakech.jpg\",alt:\"hero\"})}),`\n`,(0,a.jsx)(e.h1,{children:\"Exploring the Magic of Marrakech\"}),`\n`,(0,a.jsx)(e.h2,{children:\"Introduction\"}),`\n`,(0,a.jsx)(e.p,{children:\"Marrakech, the vibrant and enchanting city in Morocco, is a destination that captivates visitors with its rich history, colorful markets, and lively atmosphere. From the bustling souks to the majestic palaces, Marrakech offers a sensory overload that will leave you spellbound. In this blog post, we'll take a virtual journey through the heart of Marrakech, exploring its iconic landmarks, cultural treasures, and the unique experiences that make it a must-visit destination.\"}),`\n`,(0,a.jsx)(e.h2,{children:\"The Medina: A Maze of Wonders\"}),`\n`,(0,a.jsx)(e.h3,{children:\"Jemaa el-Fnaa\"}),`\n`,(0,a.jsx)(e.p,{children:\"At the heart of Marrakech lies Jemaa el-Fnaa, the bustling main square that comes alive with energy as the day unfolds. By day, it's a marketplace where you can find everything from spices and textiles to traditional crafts. However, the real magic happens as the sun sets. The square transforms into a lively spectacle of entertainers, storytellers, and food stalls, creating an atmosphere like no other.\"}),`\n`,(0,a.jsx)(e.h3,{children:\"Souks\"}),`\n`,(0,a.jsx)(e.p,{children:\"Navigate the labyrinthine alleyways of the Medina to discover the souks, where a myriad of stalls offers a kaleidoscope of colors and aromas. From intricately woven carpets to handcrafted leather goods, the souks are a treasure trove for those seeking unique souvenirs. Don't forget to hone your bargaining skills, as negotiating prices is a customary part of the shopping experience.\"}),`\n`,(0,a.jsx)(e.h2,{children:\"Architectural Marvels\"}),`\n`,(0,a.jsx)(e.h3,{children:\"Koutoubia Mosque\"}),`\n`,(0,a.jsx)(e.p,{children:\"Dominating the skyline of Marrakech is the Koutoubia Mosque, an architectural masterpiece and the largest mosque in the city. Its distinctive minaret, adorned with intricate geometric patterns, is a symbol of Marrakech. While non-Muslims are not allowed inside, the exterior and surrounding gardens offer a tranquil space to appreciate the beauty of Islamic architecture.\"}),`\n`,(0,a.jsx)(e.h3,{children:\"Bahia Palace\"}),`\n`,(0,a.jsx)(e.p,{children:\"Step into the opulent world of Bahia Palace, a stunning 19th-century palace that showcases the grandeur of Moroccan design. With its lush gardens, ornate courtyards, and beautifully decorated rooms, Bahia Palace provides a glimpse into the lives of the city's historic elite.\"}),`\n`,(0,a.jsx)(e.h2,{children:\"Culinary Delights\"}),`\n`,(0,a.jsx)(e.h3,{children:\"Moroccan Cuisine\"}),`\n`,(0,a.jsx)(e.p,{children:\"No visit to Marrakech is complete without indulging in its exquisite cuisine. From the aromatic tagines to the flavorful couscous, Moroccan dishes are a treat for the senses. Head to a local eatery or venture into the night markets to savor the diverse flavors and spices that define Moroccan cooking.\"}),`\n`,(0,a.jsx)(e.h2,{children:\"Riads: Tranquil Retreats\"}),`\n`,(0,a.jsx)(e.p,{children:\"Escape the hustle and bustle of the Medina by staying in a traditional riad. These charming guesthouses, often tucked away in quiet corners, offer a peaceful oasis amidst the lively city. With their courtyard gardens and authentic Moroccan decor, riads provide a unique and intimate accommodation experience.\"}),`\n`,(0,a.jsx)(e.h2,{children:\"Conclusion\"}),`\n`,(0,a.jsx)(e.p,{children:\"Marrakech, with its blend of history, culture, and vibrant energy, is a destination that leaves a lasting impression on all who visit. Whether you're navigating the labyrinthine souks, marveling at architectural wonders, or savoring the flavors of Moroccan cuisine, Marrakech promises a sensory journey like no other. Immerse yourself in the magic of this captivating city, where tradition meets modernity in a harmonious dance that will stay with you long after you've bid farewell to the Red City.\"})]})}function w(t={}){let{wrapper:e}=t.components||{};return e?(0,a.jsx)(e,Object.assign({},t,{children:(0,a.jsx)(l,t)})):l(t)}var b=w;return k(x);})();\n;return Component;"
  },
  "_id": "demo-blog3.mdx",
  "_raw": {
    "sourceFilePath": "demo-blog3.mdx",
    "sourceFileName": "demo-blog3.mdx",
    "sourceFileDir": ".",
    "contentType": "mdx",
    "flattenedPath": "demo-blog3"
  },
  "type": "Post",
  "url": "/blog/demo-blog3"
}