{
  "title": "Kitesurf in Essaouira",
  "date": "2023-12-24T00:00:00.000Z",
  "image": "/essaouira-kitesurf.jpg",
  "tags": [
    "Travel",
    "Morocco",
    "Essaouira",
    "Kite surf"
  ],
  "body": {
    "raw": "\n![hero](/essaouira-kitesurf.jpg)\n\n# Introduction\n\nNestled on the picturesque coast of Morocco, Essaouira emerges as a haven for kitesurfing enthusiasts. This charming coastal town seamlessly blends rich history, vibrant culture, and thrilling water sports, making it a top destination for those seeking an unforgettable kitesurfing experience.\n\n# The Allure of Essaouira\n\n## A Historical Tapestry\n\nEssaouira, with its UNESCO-listed Medina, reflects a fascinating blend of Moroccan, Arab, and European influences. The medina is a maze of narrow alleys, bustling souks, and historic landmarks, providing a unique backdrop for your kitesurfing adventure.\n\n## Winds and Waves\n\nWhat sets Essaouira apart for kitesurfers is its consistent trade winds and ideal wave conditions. The bay, with its expansive sandy beaches, serves as a natural playground for both beginners and seasoned riders. The wind, known as \"Alizee,\" blows reliably from April to October, creating the perfect environment for kitesurfing enthusiasts.\n\n# Kitesurfing in Essaouira\n\n## Learning Paradise\n\nWhether you're a novice or a seasoned kitesurfer, Essaouira has something to offer. Numerous kite schools dot the coastline, offering lessons for all skill levels. The combination of shallow waters and steady winds makes it an ideal spot for beginners, while more experienced riders can challenge themselves with the waves further out.\n\n## The Kitesurfing Community\n\nOne of Essaouira's charms is its vibrant kitesurfing community. The beaches are a meeting point for enthusiasts from around the world, creating a unique, friendly atmosphere. Sharing tips, tricks, and stories of the day's exploits is a common sight as the sun sets over the Atlantic.\n\n# Essential Tips for Kitesurfing in Essaouira\n\n1. **Optimal Seasons**: The prime kitesurfing season runs from April to October, with July and August offering the most consistent winds.\n\n2. **Kite Schools**: Enroll in a reputable kite school for lessons tailored to your skill level. Essaouira's instructors are known for their expertise and patient guidance.\n\n3. **Gear Rental**: Don't worry about lugging your equipment halfway across the globe. Essaouira's kite schools and rental shops provide top-notch gear for a hassle-free experience.\n\n4. **Exploring the Coast**: Beyond kitesurfing, explore the coastline on horseback or camel, or indulge in fresh seafood at beachside cafes.\n\n# Conclusion\n\nEssaouira stands as a beacon for kitesurfers seeking an unparalleled blend of adventure, culture, and camaraderie. With its historic charm and perfect kitesurfing conditions, this Moroccan gem invites enthusiasts to ride the winds, carve the waves, and create memories that last a lifetime. Whether you're a seasoned pro or a first-timer, Essaouira awaits, promising an unforgettable kitesurfing experience in an enchanting setting.\n",
    "code": "var Component=(()=>{var d=Object.create;var t=Object.defineProperty;var u=Object.getOwnPropertyDescriptor;var f=Object.getOwnPropertyNames;var g=Object.getPrototypeOf,p=Object.prototype.hasOwnProperty;var m=(s,e)=>()=>(e||s((e={exports:{}}).exports,e),e.exports),k=(s,e)=>{for(var i in e)t(s,i,{get:e[i],enumerable:!0})},o=(s,e,i,a)=>{if(e&&typeof e==\"object\"||typeof e==\"function\")for(let r of f(e))!p.call(s,r)&&r!==i&&t(s,r,{get:()=>e[r],enumerable:!(a=u(e,r))||a.enumerable});return s};var b=(s,e,i)=>(i=s!=null?d(g(s)):{},o(e||!s||!s.__esModule?t(i,\"default\",{value:s,enumerable:!0}):i,s)),w=s=>o(t({},\"__esModule\",{value:!0}),s);var h=m((j,l)=>{l.exports=_jsx_runtime});var x={};k(x,{default:()=>E,frontmatter:()=>y});var n=b(h()),y={title:\"Kitesurf in Essaouira\",date:new Date(1703376e6),image:\"/essaouira-kitesurf.jpg\",tags:[\"Travel\",\"Morocco\",\"Essaouira\",\"Kite surf\"]};function c(s){let e=Object.assign({p:\"p\",img:\"img\",h1:\"h1\",h2:\"h2\",ol:\"ol\",li:\"li\",strong:\"strong\"},s.components);return(0,n.jsxs)(n.Fragment,{children:[(0,n.jsx)(e.p,{children:(0,n.jsx)(e.img,{src:\"/essaouira-kitesurf.jpg\",alt:\"hero\"})}),`\n`,(0,n.jsx)(e.h1,{children:\"Introduction\"}),`\n`,(0,n.jsx)(e.p,{children:\"Nestled on the picturesque coast of Morocco, Essaouira emerges as a haven for kitesurfing enthusiasts. This charming coastal town seamlessly blends rich history, vibrant culture, and thrilling water sports, making it a top destination for those seeking an unforgettable kitesurfing experience.\"}),`\n`,(0,n.jsx)(e.h1,{children:\"The Allure of Essaouira\"}),`\n`,(0,n.jsx)(e.h2,{children:\"A Historical Tapestry\"}),`\n`,(0,n.jsx)(e.p,{children:\"Essaouira, with its UNESCO-listed Medina, reflects a fascinating blend of Moroccan, Arab, and European influences. The medina is a maze of narrow alleys, bustling souks, and historic landmarks, providing a unique backdrop for your kitesurfing adventure.\"}),`\n`,(0,n.jsx)(e.h2,{children:\"Winds and Waves\"}),`\n`,(0,n.jsx)(e.p,{children:'What sets Essaouira apart for kitesurfers is its consistent trade winds and ideal wave conditions. The bay, with its expansive sandy beaches, serves as a natural playground for both beginners and seasoned riders. The wind, known as \"Alizee,\" blows reliably from April to October, creating the perfect environment for kitesurfing enthusiasts.'}),`\n`,(0,n.jsx)(e.h1,{children:\"Kitesurfing in Essaouira\"}),`\n`,(0,n.jsx)(e.h2,{children:\"Learning Paradise\"}),`\n`,(0,n.jsx)(e.p,{children:\"Whether you're a novice or a seasoned kitesurfer, Essaouira has something to offer. Numerous kite schools dot the coastline, offering lessons for all skill levels. The combination of shallow waters and steady winds makes it an ideal spot for beginners, while more experienced riders can challenge themselves with the waves further out.\"}),`\n`,(0,n.jsx)(e.h2,{children:\"The Kitesurfing Community\"}),`\n`,(0,n.jsx)(e.p,{children:\"One of Essaouira's charms is its vibrant kitesurfing community. The beaches are a meeting point for enthusiasts from around the world, creating a unique, friendly atmosphere. Sharing tips, tricks, and stories of the day's exploits is a common sight as the sun sets over the Atlantic.\"}),`\n`,(0,n.jsx)(e.h1,{children:\"Essential Tips for Kitesurfing in Essaouira\"}),`\n`,(0,n.jsxs)(e.ol,{children:[`\n`,(0,n.jsxs)(e.li,{children:[`\n`,(0,n.jsxs)(e.p,{children:[(0,n.jsx)(e.strong,{children:\"Optimal Seasons\"}),\": The prime kitesurfing season runs from April to October, with July and August offering the most consistent winds.\"]}),`\n`]}),`\n`,(0,n.jsxs)(e.li,{children:[`\n`,(0,n.jsxs)(e.p,{children:[(0,n.jsx)(e.strong,{children:\"Kite Schools\"}),\": Enroll in a reputable kite school for lessons tailored to your skill level. Essaouira's instructors are known for their expertise and patient guidance.\"]}),`\n`]}),`\n`,(0,n.jsxs)(e.li,{children:[`\n`,(0,n.jsxs)(e.p,{children:[(0,n.jsx)(e.strong,{children:\"Gear Rental\"}),\": Don't worry about lugging your equipment halfway across the globe. Essaouira's kite schools and rental shops provide top-notch gear for a hassle-free experience.\"]}),`\n`]}),`\n`,(0,n.jsxs)(e.li,{children:[`\n`,(0,n.jsxs)(e.p,{children:[(0,n.jsx)(e.strong,{children:\"Exploring the Coast\"}),\": Beyond kitesurfing, explore the coastline on horseback or camel, or indulge in fresh seafood at beachside cafes.\"]}),`\n`]}),`\n`]}),`\n`,(0,n.jsx)(e.h1,{children:\"Conclusion\"}),`\n`,(0,n.jsx)(e.p,{children:\"Essaouira stands as a beacon for kitesurfers seeking an unparalleled blend of adventure, culture, and camaraderie. With its historic charm and perfect kitesurfing conditions, this Moroccan gem invites enthusiasts to ride the winds, carve the waves, and create memories that last a lifetime. Whether you're a seasoned pro or a first-timer, Essaouira awaits, promising an unforgettable kitesurfing experience in an enchanting setting.\"})]})}function v(s={}){let{wrapper:e}=s.components||{};return e?(0,n.jsx)(e,Object.assign({},s,{children:(0,n.jsx)(c,s)})):c(s)}var E=v;return w(x);})();\n;return Component;"
  },
  "_id": "demo-blog1.mdx",
  "_raw": {
    "sourceFilePath": "demo-blog1.mdx",
    "sourceFileName": "demo-blog1.mdx",
    "sourceFileDir": ".",
    "contentType": "mdx",
    "flattenedPath": "demo-blog1"
  },
  "type": "Post",
  "url": "/blog/demo-blog1"
}